{"cameraMode":{"drawMode":0,"name":"Shaded","section":"Shading Mode"},"sceneLighting":false,"audioPlay":false,"sceneViewState":{"showFog":false,"showMaterialUpdate":false,"showSkybox":false,"showFlares":false,"showImageEffects":false,"showParticleSystems":false},"in2DMode":false,"pivot":{"x":-44.803741455078128,"y":-10.780759811401368,"z":-34.089351654052737},"rotation":{"x":0.0038630396593362095,"y":-0.9831901788711548,"z":0.18134763836860658,"w":0.02094133011996746},"size":47.675907135009769,"orthographic":true}