{"cameraMode":{"drawMode":0,"name":"Shaded","section":"Shading Mode"},"sceneLighting":false,"audioPlay":false,"sceneViewState":{"showFog":false,"showMaterialUpdate":false,"showSkybox":false,"showFlares":false,"showImageEffects":false,"showParticleSystems":false},"in2DMode":false,"pivot":{"x":4.090000152587891,"y":6.960000038146973,"z":50.58399963378906},"rotation":{"x":0.14037208259105683,"y":-0.3288401961326599,"z":0.04949670657515526,"w":0.9325833916664124},"size":1.6773955821990967,"orthographic":true}