{"cameraMode":{"drawMode":0,"name":"Shaded","section":"Shading Mode"},"sceneLighting":false,"audioPlay":false,"sceneViewState":{"showFog":false,"showMaterialUpdate":false,"showSkybox":false,"showFlares":false,"showImageEffects":false,"showParticleSystems":false},"in2DMode":false,"pivot":{"x":-0.006718158721923828,"y":0.238194078207016,"z":0.045619964599609378},"rotation":{"x":0.47511690855026247,"y":-0.22345402836799622,"z":0.1261368989944458,"w":0.841677725315094},"size":33.91858673095703,"orthographic":true}