{"cameraMode":{"drawMode":0,"name":"Shaded","section":"Shading Mode"},"sceneLighting":false,"audioPlay":false,"sceneViewState":{"showFog":false,"showMaterialUpdate":false,"showSkybox":false,"showFlares":false,"showImageEffects":false,"showParticleSystems":false},"in2DMode":false,"pivot":{"x":2.384185791015625e-7,"y":1.062138319015503,"z":-0.052001953125},"rotation":{"x":0.14552859961986543,"y":-0.41861692070961,"z":0.06815681606531143,"w":0.8938317894935608},"size":2.7254507541656496,"orthographic":true}